{
  "RandomForest": {
    "mean_r2": 0.9313,
    "std_r2": 0.0036,
    "folds": [
      0.9273280275334514,
      0.9305433916113468,
      0.9359456508678135
    ]
  },
  "Ridge": {
    "mean_r2": 0.9909,
    "std_r2": 0.0005,
    "folds": [
      0.9907052040100097,
      0.9904297113418579,
      0.9915051698684693
    ]
  }
}