{"GNN": {"train": [1.193523645401001, 0.5581966638565063, 0.42046698927879333, 0.39067211747169495, 0.37270209193229675, 0.36533123254776, 0.35670265555381775, 0.34374549984931946, 0.3380090594291687, 0.31485113501548767, 0.3055787980556488, 0.312606543302536, 0.29352739453315735, 0.2827730178833008, 0.2795996367931366, 0.26893892884254456, 0.26436933875083923, 0.2637672424316406, 0.2591148316860199, 0.25193893909454346, 0.25516560673713684, 0.24468328058719635, 0.23697824776172638, 0.23978474736213684, 0.22516638040542603, 0.2318173199892044, 0.2228093147277832, 0.22020626068115234, 0.2180374711751938, 0.2129000872373581, 0.21074169874191284, 0.20722542703151703, 0.20339369773864746, 0.19698935747146606, 0.19498740136623383, 0.19452591240406036, 0.19762662053108215, 0.18877092003822327, 0.1784828156232834, 0.17884527146816254, 0.18328237533569336, 0.1823234260082245, 0.177007257938385, 0.16931606829166412, 0.16727378964424133, 0.164342999458313, 0.1644248366355896, 0.16297940909862518, 0.15892229974269867, 0.15651875734329224], "val": [3.8251898288726807, 7.4235405921936035, 7.95377254486084, 6.788012504577637, 5.504764080047607, 4.40020227432251, 3.6254119873046875, 3.037965774536133, 2.6324565410614014, 2.3609182834625244, 2.1777076721191406, 2.032399892807007, 1.915500521659851, 1.8139508962631226, 1.7169932126998901, 1.6273928880691528, 1.5405030250549316, 1.4674006700515747, 1.40711510181427, 1.3442693948745728, 1.2685176134109497, 1.2060312032699585, 1.133771538734436, 1.044714331626892, 0.939228892326355, 0.8434517979621887, 0.7447470426559448, 0.6539240479469299, 0.5740168690681458, 0.5060232877731323, 0.44772979617118835, 0.39913076162338257, 0.36276474595069885, 0.33988437056541443, 0.3241243064403534, 0.30991095304489136, 0.2927473485469818, 0.27335235476493835, 0.25519508123397827, 0.2353294938802719, 0.21774552762508392, 0.20285728573799133, 0.19102135300636292, 0.18417446315288544, 0.18218812346458435, 0.18003389239311218, 0.18012414872646332, 0.1808459609746933, 0.1769089549779892, 0.16881480813026428]}, "MLP": {"train": [1.1298046112060547, 0.646454930305481, 0.41600123047828674, 0.36516204476356506, 0.3416343331336975, 0.30727535486221313, 0.2890446186065674, 0.274698406457901, 0.27883681654930115, 0.26536500453948975, 0.2667643129825592, 0.2577073276042938, 0.2460697591304779, 0.23790477216243744, 0.2323761135339737, 0.23171822726726532], "val": [1.0037635564804077, 1.7515329122543335, 1.7012966871261597, 1.8532313108444214, 2.3753268718719482, 2.9590978622436523, 3.4170095920562744, 3.699410915374756, 3.7261955738067627, 3.1716501712799072, 2.7050392627716064, 2.313585042953491, 1.982735276222229, 1.709082841873169, 1.4784915447235107, 1.2854973077774048]}}